compound_id,target_id,pkd
"",Q13557,5
"",O60331,5.42021640338319
"",O15111,5
CHEMBL189963,Q6DT37,5
CHEMBL189963,Q16659,5
CHEMBL189963,P11802,8.88605664769316
CHEMBL189963,P11802,9.20760831050175
CHEMBL189963,O43283,5
CHEMBL12380,Q63563,5.5
CHEMBL12380,Q63563,6.12
CHEMBL43524,Q01959,5.88
CHEMBL43524,P31645,6.55
"",Q13705,7.52287874528034
CHEMBL276693,Q63563,5.28
CHEMBL276693,Q63563,6
CHEMBL42150,Q01959,6.66
CHEMBL42150,P31645,5.92
CHEMBL157138,P79400,8
CHEMBL157138,P28335,4.3
CHEMBL157138,P08908,6.3
CHEMBL485745,"",7.21467016498923
CHEMBL485745,"",7.60205999132796
CHEMBL485745,Q9WTU6,7.50863830616573
CHEMBL485745,Q9UK32,7.25963731050576
CHEMBL485745,Q9UBE8,7.24412514432751
CHEMBL485745,Q9BXA7,5
CHEMBL485745,P49674,6.79588001734407
CHEMBL485745,P48729,7.31875876262441
CHEMBL485745,P36888,5.07058107428571
CHEMBL485745,P23458,6.26760624017703
CHEMBL485745,O14976,6.60205999132796
CHEMBL1254511,"",6.95860731484177
CHEMBL1254511,Q56UN5,6.76955107862173
"",Q9UBE8,7.06048074738138
"",Q56UN5,6.50863830616573
"",Q9NYL2,5
"",Q15569,5.0087739243075
"",Q13555,5
"",P42681,5
CHEMBL1630791,Q9Y5S2,5
CHEMBL1630791,Q9UBE8,5
CHEMBL1630791,Q9C098,6.61978875828839
CHEMBL1630791,Q99640,5
CHEMBL1630791,P52333,8.44369749923271
CHEMBL1630791,P29597,6.95860731484177
CHEMBL1630791,P23458,6.92081875395237
CHEMBL1630791,P22694,5
CHEMBL1630791,O75676,5
CHEMBL1630791,O60674,7.95860731484177
CHEMBL2205631,"",5
CHEMBL2205631,Q9H2K8,5
CHEMBL2205631,Q7L7X3,5
CHEMBL2205631,Q6ZN16,5.42021640338319
CHEMBL2205631,O00750,5
CHEMBL2333441,Q9UK32,5
CHEMBL2204526,P42685,5
CHEMBL2204526,P00519,5
"",P42338,7.29242982390206
CHEMBL12614,Q63563,6.16
CHEMBL12614,Q63563,6.34
"",Q9Y463,6.67778070526608
"",Q9UK32,6.09691001300806
"",Q9HAZ1,7.07058107428571
"",Q9C098,5.74472749489669
"",Q9BYT3,6.85387196432176
"",Q9BVS4,5.72124639904717
"",Q92630,6.65757731917779
"",Q8WXR4,5
"",Q8NE63,6.69897000433602
"",Q7L7X3,6
"",Q56UN5,6.4089353929735
"",Q15418,7.15490195998574
"",Q15349,6.88605664769316
"",Q14289,6.07572071393812
"",Q13627,7.58502665202918
"",Q13470,6.18045606445813
"",Q05397,7.88605664769316
"",P78356,5
"",P53350,6.92081875395237
"",P51812,7.88605664769316
"",P49760,6.39794000867204
"",P49759,7.14874165128092
"",P33981,5.72124639904717
"",P08581,6.16749108729376
"",O95835,5
"",O75116,5
"",Q9H2G2,6.09151498112135
"",Q9BUB5,7.30980391997149
"",Q8TBX8,6.26760624017703
"","Q15303, P21860, P04626, P00533",9.39794000867204
"",Q15303,6.50863830616573
"",Q13163,7.44369749923271
"",Q09013,6.46852108295774
"",P51617,7.55284196865778
"",P51451,6.74472749489669
"",P12931,6.2518119729938
"",P08631,6.39794000867204
"",P08581,5.42021640338319
"",P06239,6.53760200210104
"",P04626,8.31875876262441
"",P00519,6.36653154442041
"",O94804,7.11350927482752
"",O75914,5
"",O43683,7.19382002601611
"",O14976,7.30102999566398
"",O14578,6.74472749489669
"",Q96PY6,5
"",P52564,5
CHEMBL1254278,Q13043,5
CHEMBL1254278,P32298,5
CHEMBL286991,Q01959,6.39
CHEMBL286991,Q01959,7.76
CHEMBL286991,Q01959,8.11
CHEMBL286991,P31645,6.02
CHEMBL286991,P31645,6.44
CHEMBL286991,P31645,7.79
CHEMBL11988,Q63563,5.25
CHEMBL1729,"Q9JHJ5, P23979",7.2
CHEMBL1729,Q95136,5.2
CHEMBL1729,P20288,6.5
CHEMBL1729,P18130,7.5
CHEMBL1729,P14842,8.1
CHEMBL1729,P08908,5.7
CHEMBL311789,P31391,7.08
CHEMBL311789,P30872,4.88
"","",5.85387196432176
"",Q9Y2U5,6.39794000867204
"",Q9UPE1,6.32790214206428
"",Q9UK32,7.31875876262441
"",Q9NSY1,6.82390874094432
"",Q9BRS2,6.53760200210104
"",Q99755,5.76955107862173
"",Q99683,6.4089353929735
"",Q8TBX8,8.18708664335714
"",Q56UN5,7.49485002168009
"",Q13873,7.13076828026902
"",P51812,6.53760200210104
"",P48736,8.19382002601611
"",P29597,6.44369749923271
"",P23458,6.52287874528034
"",O75716,7.1249387366083
"",O60331,7.20065945054642
"",O43318,7.63827216398241
CHEMBL3350037,P35346,7.31
CHEMBL3350037,P32745,8.6
CHEMBL3350037,P31391,5.76
CHEMBL3350037,P30874,9.11
CHEMBL3350037,P30872,6.41
CHEMBL454974,Q13705,5
"",Q6P3R8,5.63827216398241
CHEMBL373073,Q9Y4K4,5
CHEMBL373073,P29597,7.2518119729938
CHEMBL373073,O95819,5
"",Q9UM73,5.92081875395237
"",Q9H093,7
"",Q8N4C8,6.85387196432176
"",Q56UN5,8.42021640338319
"",Q13163,6.88605664769316
"",P50750,5
"",P36888,8.02227639471115
"",P31152,5
"",P21127,5
"",P19525,5
"",P10721,6.63827216398241
"",P10721,6.95860731484177
"",P09619,7.95860731484177
"",P07949,7.34678748622466
"",P04629,6.72124639904717
"",O43683,6.88605664769316
"",O15075,5.09691001300806
CHEMBL2392553,Q8N4C8,5.39794000867204
CHEMBL2392553,Q32MK0,7.10237290870956
CHEMBL2392553,O00750,5
CHEMBL40416,Q01959,6.01
CHEMBL40416,P31645,5.79
"",P42685,6.49485002168009
"",P20794,5
CHEMBL37513,Q01959,5.97
CHEMBL37513,P31645,5.54
CHEMBL382103,"",5.72124639904717
CHEMBL382103,P16234,6.25963731050576
CHEMBL382103,P00519,6.48148606012211
CHEMBL2206662,Q56UN5,6.56863623584101
CHEMBL2206662,P00519,6.85387196432176
CHEMBL2206662,O14578,8.95860731484177
"","",5
"",Q9Y463,7.45593195564972
"",Q9UPZ9,7.38721614328026
"",Q9UK32,6.85387196432176
"",Q9BWU1,5
"",Q92630,7.14266750356873
"",Q8TF76,6.95860731484177
"",Q8TD08,6.63827216398241
"",Q8IYT8,6.27572413039921
"",Q8IVW4,6.61978875828839
"",Q13627,7.63827216398241
"",Q00536,6.76955107862173
"",P57078,5
"",P50613,7.07058107428571
"",P49840,8.45593195564972
"",P46734,6.31875876262441
"",P33981,6.15490195998574
"",P11802,6.35654732351381
"",O76039,7.60205999132796
"",B2LUN4,8.61978875828839
CHEMBL2392556,P46734,5
CHEMBL2392556,P0C1S8,6.31875876262441
CHEMBL40961,Q01959,6.97
CHEMBL40961,Q01959,8.11
CHEMBL40961,P31645,5.64
CHEMBL40961,P31645,6.32
CHEMBL1254923,Q9HBH9,6.58502665202918
CHEMBL1254923,Q13976,5
"",Q6P3R8,6.13076828026902
"",O60674,6.85387196432176
"",O15197,7
CHEMBL46,"Q9JHJ5, P23979",7.9
CHEMBL46,"Q9JHJ5, P23979",7.7
CHEMBL27846,"Q9JHJ5, P23979",9.5
CHEMBL1817870,Q9Y616,5
CHEMBL1817870,P36896,5
CHEMBL1817870,P36894,5
CHEMBL1817870,P10721,6.61978875828839
CHEMBL196576,"",6.82390874094432
"",Q9UQ88,4.69897000433602
"",P21127,4.69897000433602
CHEMBL101035,"",6.44369749923271
CHEMBL101035,Q9HBH9,5.82390874094432
CHEMBL101035,Q9BXA7,5
CHEMBL101035,Q9BWU1,5.95860731484177
CHEMBL101035,Q86UX6,5
CHEMBL101035,Q16832,6.50863830616573
CHEMBL101035,Q08345,7.18045606445813
CHEMBL101035,P36888,6.76955107862173
CHEMBL101035,P31751,5
CHEMBL101035,P10721,5.35654732351381
CHEMBL101035,P09619,5.56863623584101
"",Q9UPE1,5
"",P32298,5
CHEMBL1923003,P42680,5
CHEMBL188426,Q9HC98,7.07572071393812
CHEMBL188426,Q9HAZ1,6.85387196432176
CHEMBL188426,Q9H2X6,6.27572413039921
CHEMBL188426,Q8TDX7,6.85387196432176
CHEMBL188426,Q8TD08,7.45593195564972
CHEMBL188426,Q8TBX8,6.16749108729376
CHEMBL188426,Q86Z02,5.44369749923271
CHEMBL188426,Q6P3R8,5
CHEMBL188426,Q13882,5
CHEMBL188426,P49760,8.30980391997149
CHEMBL188426,P49759,7.58502665202918
CHEMBL188426,P42685,5
CHEMBL188426,P37173,6.72124639904717
CHEMBL188426,P36888,5
CHEMBL188426,P07948,5
CHEMBL188426,P06241,5
CHEMBL188426,O75716,6.67778070526608
CHEMBL2017649,P42338,6.1249387366083
CHEMBL12305,Q63563,7.69
CHEMBL12305,Q63563,7.87
CHEMBL105442,Q9UPZ9,5
CHEMBL105442,P57078,5
CHEMBL2205628,Q8N5S9,5
CHEMBL2205628,Q15208,5
CHEMBL40530,Q01959,6.1
CHEMBL40530,P31645,6.71
CHEMBL2206667,Q9UKI8,5
CHEMBL2206667,Q9NRM7,5
CHEMBL2206667,P35590,5
"",Q8WTQ7,5
"",Q16512,5.3767507096021
"",Q00532,5
"",P41240,5
"",Q9BRS2,6.4089353929735
"",O60331,5.67778070526608
"",O14730,6.09691001300806
"",Q99558,5
"","Q15303, P21860, P04626, P00533",7.92081875395237
"",Q13163,6.55284196865778
"",O14976,6.92081875395237
CHEMBL2448558,"Q9JHJ5, P23979",8.5
CHEMBL2448558,"Q9JHJ5, P23979",8.5
"",Q9BRS2,6.18708664335714
CHEMBL38468,Q01959,7.95
CHEMBL38468,P31645,6.55
CHEMBL365286,Q9NRM7,5.74472749489669
CHEMBL365286,Q56UN5,8
CHEMBL40396,Q01959,6.04
CHEMBL40396,P31645,6.59
CHEMBL363648,"",7
CHEMBL363648,Q9NRM7,5
CHEMBL363648,Q8TBX8,5.38721614328026
CHEMBL363648,Q14164,5
CHEMBL363648,O15197,5.11918640771921
CHEMBL471833,P49840,6.82390874094432
"",Q9UKI8,6.65757731917779
"",Q16512,5.0268721464003
"",Q09013,6.04095860767891
CHEMBL41022,Q01959,7.56
CHEMBL41022,P31645,6.28
CHEMBL248183,Q9H2G2,5
CHEMBL248183,Q04759,8.46852108295774
CHEMBL248183,Q02156,7.15490195998574
CHEMBL248183,P43405,5
CHEMBL248183,P09215,7.06550154875643
CHEMBL248183,P06239,5
CHEMBL537968,Q9Y2I7,6.15490195998574
CHEMBL537968,Q9BZL6,7.82390874094432
CHEMBL537968,Q15139,7.72124639904717
CHEMBL537968,P68400,7
CHEMBL537968,P36897,7.07572071393812
CHEMBL537968,P36896,7.26760624017703
CHEMBL537968,P23458,6.18708664335714
CHEMBL537968,P19784,7.3767507096021
CHEMBL537968,O94806,7.95860731484177
CHEMBL40240,Q01959,7.18
CHEMBL40240,P31645,6.28
"",Q9H2K8,5
"",Q7L7X3,5
"",Q12851,5
CHEMBL290901,Q01959,8.42
CHEMBL290901,P31645,6.74
"",Q9UF33,8.72124639904717
"","Q15303, P21860, P04626, P00533",9.60205999132796
"",Q15303,7
"",Q13163,7.56863623584101
"",Q08345,6.95860731484177
"",P54760,7.53760200210104
"",P51451,7.76955107862173
"",P35968,6.95860731484177
"",P35916,6.82390874094432
"",P21709,6.85387196432176
"",P12931,7.32790214206428
"",P08631,7.03151705144607
"",P07949,7.76955107862173
"",P07948,8.44369749923271
"",P06239,7.43179827593301
"",P04626,9.15490195998574
CHEMBL307364,Q95136,5.4
CHEMBL307364,P14842,6.6
CHEMBL307364,P08908,7.2
"",Q9BRS2,6.10237290870956
"",Q96NX5,5
CHEMBL272309,Q8IW41,7.3767507096021
CHEMBL272309,Q86V86,7.32790214206428
CHEMBL272309,Q15349,6.65757731917779
CHEMBL272309,Q15139,6.92081875395237
CHEMBL272309,P15735,6.95860731484177
CHEMBL272309,O96017,6.49485002168009
CHEMBL272309,O94806,6.34678748622466
"",Q96D53,5.63827216398241
"",Q13043,5.22914798835786
"",O75914,5.23657200643706
"",Q9Y2I7,6.25963731050576
"",Q96D53,6.72124639904717
CHEMBL440110,Q01959,7.8
CHEMBL440110,P31645,7.23
"","",5
"",Q9H3Y6,5
CHEMBL2333445,Q9Y2I7,5
CHEMBL2333445,P11802,5
CHEMBL1836641,Q9UEE5,6.60205999132796
CHEMBL1836641,Q56UN5,7.69897000433602
CHEMBL1836641,P51956,6.67778070526608
CHEMBL1836641,P42685,5
CHEMBL1836641,P29376,5
"",Q9NYL2,5
"",P42681,5
"",P10721,5
CHEMBL288914,Q01959,7.4
CHEMBL288914,P31645,5.74
CHEMBL275252,Q63563,6.45
CHEMBL275252,Q63563,6.94
CHEMBL274863,"",6.82390874094432
CHEMBL274863,P49674,6.72124639904717
CHEMBL274863,P48729,6.65757731917779
CHEMBL274863,P46734,7.16749108729376
CHEMBL274863,P45985,7.92081875395237
CHEMBL274863,O95835,5
"","",5
"",Q9NSY1,6.25963731050576
"",Q9H1R3,6.20760831050175
"",Q32MK0,5
"",Q2M2I8,6.85387196432176
"",Q02763,5.23657200643706
"",Q86Y07,5
CHEMBL275277,Q63563,6.44
CHEMBL275277,Q63563,6.73
CHEMBL1952232,"",7.39794000867204
CHEMBL1952232,"",8.30980391997149
CHEMBL1952232,Q9WTU6,7.61978875828839
CHEMBL1952232,Q9UK32,6.60205999132796
CHEMBL1952232,Q9UBE8,7.76955107862173
CHEMBL1952232,Q08345,6.88605664769316
CHEMBL1952232,P49674,6.44369749923271
CHEMBL1952232,P49185,6.76955107862173
CHEMBL1952232,O95835,7.61978875828839
CHEMBL1952232,O14976,7.38721614328026
"",Q9UPE1,5.63827216398241
"",Q9BRS2,6.95860731484177
"",O60331,6.58502665202918
CHEMBL268972,Q63563,5.85
CHEMBL268972,Q63563,6.27
CHEMBL12552,Q63563,7.25
CHEMBL12552,Q63563,7.98
CHEMBL40529,Q01959,7.32
CHEMBL40529,P31645,6.18
CHEMBL2205632,Q15349,5
CHEMBL2205632,P09619,5.43179827593301
CHEMBL365663,"",5.56863623584101
CHEMBL365663,Q9UKE5,5.44369749923271
CHEMBL365663,Q9UK32,7.05551732784983
CHEMBL365663,Q8N4C8,5.61978875828839
CHEMBL365663,Q15139,5.20065945054642
CHEMBL365663,P36897,6.56863623584101
CHEMBL365663,P36896,6.92081875395237
CHEMBL2333437,Q8NEV4,5
"",Q14012,5
CHEMBL1088751,Q00532,5
CHEMBL470565,Q9HAZ1,5.88605664769316
"",Q9UIF9,5.5
"",Q9UIF8,5.5
CHEMBL1836719,"",7.4089353929735
CHEMBL1836719,Q9UEE5,6.65757731917779
CHEMBL40415,Q01959,8.29
CHEMBL40415,P31645,7.14
CHEMBL128,P79400,7.6
CHEMBL128,P28335,4.8
CHEMBL128,P08908,5.5
"",O43683,6.58502665202918
CHEMBL329040,Q9HBY8,5
CHEMBL2018216,Q8NEB9,9.4089353929735
CHEMBL2018216,P42338,9.0268721464003
CHEMBL2018216,O00329,6.08618614761628
"",Q9NYL2,5
"",Q15569,5
"",P42681,5
CHEMBL3408213,Q9BWU1,7.13076828026902
CHEMBL3408213,P49336,6.85387196432176
CHEMBL3408213,O75747,5
CHEMBL267301,Q63563,6.86
CHEMBL267301,Q63563,7.64
CHEMBL439738,"Q9JHJ5, P23979",9.14
"",Q86Y07,5
"",Q15418,5
"",P0C264,5
CHEMBL41237,Q01959,8.41
CHEMBL41237,P31645,6.64
CHEMBL12698,Q63563,5.35
CHEMBL12698,Q63563,5.8
CHEMBL275758,Q63563,7.57
CHEMBL275758,Q63563,8.15
CHEMBL41796,Q01959,8.41
CHEMBL41796,P31645,6.72
"",Q9Y4K4,5.85387196432176
"",Q9NY57,6.95860731484177
"",Q9HCP0,5
"",P27037,5
CHEMBL288863,Q01959,7.42
CHEMBL288863,P31645,6.48
CHEMBL72365,"",6.46852108295774
CHEMBL72365,Q9UKE5,6.34678748622466
CHEMBL72365,Q9P1W9,7
CHEMBL72365,Q8TF76,5.4089353929735
CHEMBL72365,Q8N4C8,6.88605664769316
CHEMBL72365,Q86V86,5.95860731484177
CHEMBL72365,Q56UN5,6.72124639904717
CHEMBL72365,P45985,6.4089353929735
CHEMBL72365,P15056,6.79588001734407
CHEMBL41027,Q01959,7.24
CHEMBL41027,P31645,6.69
"",Q15375,5
"",P42680,5
CHEMBL1684075,Q8NE63,5
"",Q9H3Y6,7.03151705144607
"",P22694,6.18708664335714
"",P17612,6.07058107428571
"",Q9HBH9,7.20065945054642
"",Q9H1R3,5
"",Q9BVS4,7
"",Q9BRS2,5.95860731484177
"",Q99755,6.61978875828839
"",Q8TF76,7.65757731917779
"",Q56UN5,7.35654732351381
"",Q13464,6.85387196432176
"",Q02763,5
"",P49761,5
"",P49674,6.17392519729917
"",P48729,6.79588001734407
"",P46734,6.69897000433602
"",P23458,5.85387196432176
"",O60331,7.25963731050576
"",O14976,7.42021640338319
"",O14920,7.11918640771921
"",Q9UKI8,5
"",Q86Y07,5
CHEMBL289469,"Q9JHJ5, P23979",8.85
CHEMBL289469,"Q9JHJ5, P23979",8.9
CHEMBL288152,Q01959,5.66
CHEMBL288152,P31645,6.64
CHEMBL416433,Q01959,7.19
CHEMBL416433,P31645,6.64
CHEMBL2107804,"Q9JHJ5, P23979",8.21
CHEMBL40358,Q01959,6.66
CHEMBL40358,P31645,6.79
CHEMBL304009,Q9BX84,6.61978875828839
CHEMBL3653773,Q9UHD2,6.34678748622466
CHEMBL3653773,Q9NWZ3,6.16749108729376
CHEMBL3653773,Q9HAZ1,5
CHEMBL3653773,Q5S007,6.53760200210104
CHEMBL3653773,Q56UN5,7.95860731484177
CHEMBL3653773,Q14164,6
CHEMBL3653773,P52333,6.56863623584101
CHEMBL3653773,P43405,7.85387196432176
CHEMBL3653773,P43403,7.24412514432751
CHEMBL3653773,P29597,6.4089353929735
CHEMBL3653773,P24723,5
CHEMBL3653773,O60674,7.13076828026902
CHEMBL3653773,O15197,6.31875876262441
CHEMBL39282,Q01959,7.48
CHEMBL39282,P31645,6.67
"",Q9P0L2,5
"",Q9BRS2,5.3767507096021
"",Q96L34,5
"",Q6PHR2,5.88605664769316
"",Q6P3R8,5.67778070526608
"",O14730,5.49485002168009
CHEMBL1823872,P35346,9.01
CHEMBL1823872,P32745,9.67
CHEMBL1823872,P31391,8.39
CHEMBL1823872,P30874,10.06
CHEMBL1823872,P30872,9.08
CHEMBL2333439,Q9HBY8,5
CHEMBL41606,Q01959,7.69
CHEMBL41606,P31645,6.21
"",Q9Y463,5.55284196865778
CHEMBL12489,Q63563,6.7
CHEMBL12489,Q63563,7
CHEMBL143197,"Q9JHJ5, P23979",9.2
CHEMBL290267,Q01959,7.47
CHEMBL290267,P31645,6.16
"",Q86UX6,5
"",Q16512,5
CHEMBL290365,Q01959,7.28
CHEMBL290365,P31645,6.57
CHEMBL12138,Q63563,6.86
CHEMBL12138,Q63563,7.19
CHEMBL40797,Q01959,8.25
CHEMBL40797,P31645,6.44
"",Q9UQ88,4.69897000433602
"",P21127,4.69897000433602
CHEMBL41797,Q01959,7.65
CHEMBL41797,P31645,6.09
"",Q9UQ88,4.69897000433602
"",P21127,4.69897000433602
"",Q12852,6.76955107862173
"",P49761,5
"",Q9Y3S1,5
"",P08631,5
"",Q9Y6M4,5
"",P42681,6.32790214206428
"",Q86Y07,5
CHEMBL221116,"",7.82390874094432
CHEMBL221116,Q9Y243,5
CHEMBL221116,Q16513,5
CHEMBL221116,Q13873,5
CHEMBL221116,Q13237,5
CHEMBL221116,Q00532,5
"",Q96D53,5
"",P29597,5
"",O43683,6.2518119729938
CHEMBL288109,Q01959,7.01
CHEMBL288109,P31645,6.74
CHEMBL12139,Q63563,5.5
CHEMBL416245,Q01959,6.14
CHEMBL416245,P31645,6.77
CHEMBL41061,Q01959,6.35
CHEMBL41061,P31645,6.22
CHEMBL2441340,Q9Y2U5,7.0087739243075
CHEMBL2441340,Q9BWU1,6.3767507096021
CHEMBL2441340,Q99759,6.1249387366083
CHEMBL2441340,Q56UN5,6.55284196865778
CHEMBL2441340,Q13546,7.34678748622466
CHEMBL2441340,Q13163,6.85387196432176
CHEMBL2441340,P49336,5.88605664769316
CHEMBL2441340,P35590,6.25963731050576
CHEMBL2441340,P10721,6.44369749923271
CHEMBL2441340,P09619,6.42021640338319
CHEMBL2441340,P07333,6.3767507096021
CHEMBL2441340,O96017,5
CHEMBL2441340,O94804,6.23657200643706
CHEMBL2333432,Q8N5S9,5
CHEMBL2333432,P29597,6.03151705144607
CHEMBL2333432,O60331,5.19382002601611
"",Q13546,6.2839966563652
"",P49761,5
"",P35590,5.85387196432176
"","",9.63827216398241
"",Q15759,8
CHEMBL3356143,Q9UQ88,4.69897000433602
CHEMBL3356143,P21127,4.69897000433602
CHEMBL2392554,Q32MK0,6.44369749923271
"",Q9NYL2,5
"",Q15569,5
"",P42681,5
"",O60674,5.69897000433602
CHEMBL43629,Q01959,6.25
CHEMBL43629,P31645,5.88
"",P20794,5
"",Q9UEE5,6.65757731917779
"",P36888,5
"",P31152,5
"",P30530,5
"",O94768,6.95860731484177
"",O15530,8.92081875395237
"",O14578,6.50863830616573
CHEMBL269681,Q63563,7.83
CHEMBL269681,Q63563,8.01
CHEMBL552232,Q9Y5S2,6.23657200643706
CHEMBL552232,Q96NX5,5
CHEMBL552232,Q6DT37,6.2518119729938
CHEMBL552232,Q15139,6.33724216831843
CHEMBL552232,P31152,5
CHEMBL552232,P21127,5
CHEMBL552232,O94806,6
"",Q9Y463,5
"",Q96J92,5
CHEMBL379093,Q9Y2H1,5
CHEMBL379093,"Q15303, P21860, P04626, P00533",7.35654732351381
CHEMBL379093,P04626,6.85387196432176
CHEMBL379093,O75582,5
CHEMBL198334,Q9UK32,6.92081875395237
CHEMBL198334,Q9UBE8,6.74472749489669
CHEMBL198334,Q15418,6.60205999132796
CHEMBL40967,Q01959,6.26
CHEMBL40967,P31645,5.58
CHEMBL12359,Q63563,6.27
CHEMBL12359,Q63563,6.61
CHEMBL39,"P28223, P28335, P41595",5.5
CHEMBL39,P28221,7.9
CHEMBL39,P08909,7.5
CHEMBL39,P08908,8.5
"",Q16832,5
"",P42685,5.52287874528034
"",O60285,5
"",Q13131,5
"",P15735,5
"",Q6ZWH5,6.33724216831843
CHEMBL2333433,Q32MK0,6.31875876262441
CHEMBL2333433,P52333,5.16749108729376
CHEMBL2333433,P29597,6.88605664769316
"",Q00537,5
"",P37173,5
"",Q16512,6.32790214206428
"",Q13043,5
CHEMBL1254192,Q9UEW8,5
"",Q99755,5
"",O43683,5
CHEMBL269676,Q63563,6.91
CHEMBL269676,Q63563,7.2
"",Q9UF33,8.18708664335714
"","Q15303, P21860, P04626, P00533",9.53760200210104
"",Q15303,6.25963731050576
"",Q13163,6.4089353929735
"",P78368,5
"",P54760,7.22914798835786
"",P51451,7.11350927482752
"",P43405,6.05551732784983
"",P17948,5
"",P07949,6.95860731484177
"",P06239,6.33724216831843
"",P04626,8.11350927482752
"",P42681,5
"",P52333,6.42021640338319
"",O60331,5.82390874094432
"",Q86Y07,5
"",P17612,6.52287874528034
CHEMBL11983,Q63563,7.78
CHEMBL11983,Q63563,8.55
"",Q86UE8,5
"",Q6ZWH5,5
"",P49840,6.44369749923271
CHEMBL38942,Q01959,7.86
CHEMBL38942,P31645,6.48
CHEMBL1642655,Q8NFD2,5
CHEMBL41096,"Q9JHJ5, P23979",9.8
"",P49761,5
"",O15197,6.29242982390206
"",Q96J92,5
CHEMBL43124,Q01959,7.19
CHEMBL43124,P31645,6.43
CHEMBL86,"Q9JHJ5, P23979",6.65
CHEMBL86,"Q9JHJ5, P23979",6.7
CHEMBL86,P20288,7.1
CHEMBL86,P14842,5.4
CHEMBL86,P08908,5.1
"",Q9UPE1,5
"",Q6ZN16,5
"",Q13043,5
"",P32298,5
"",P29323,5.16749108729376
CHEMBL289860,Q01959,7.86
CHEMBL289860,P31645,6.88
"","",6.88605664769316
"",Q56UN5,5
CHEMBL221959,Q9UK32,5.85387196432176
CHEMBL221959,Q9C098,7.58502665202918
CHEMBL221959,Q15349,5.88605664769316
CHEMBL221959,P52333,9.88605664769316
CHEMBL221959,P29597,8.16115090926274
CHEMBL221959,P23458,8.49485002168009
CHEMBL221959,O60674,9.65757731917779
CHEMBL261014,Q8NEV4,5
CHEMBL416800,Q01959,6.37
CHEMBL416800,P31645,6.09
CHEMBL276151,Q63563,7.83
"",P35590,7.61978875828839
CHEMBL38696,Q01959,8.09
CHEMBL38696,P31645,6.81
CHEMBL499006,Q9HAZ1,5.95860731484177
CHEMBL499006,P49840,7.10237290870956
"",Q96PN8,7.2839966563652
"",P22694,6.61978875828839
"",O60331,7.43179827593301
"",Q9Y2H9,5
"",Q96D53,6.31875876262441
"",P37173,6.74472749489669
CHEMBL290536,Q01959,7.5
CHEMBL290536,P31645,6.63
CHEMBL273664,Q63563,7.18
CHEMBL273664,Q63563,7.26
CHEMBL12778,Q63563,5.08
CHEMBL12778,Q63563,5.18
CHEMBL2431819,Q9Y6R4,5
CHEMBL2431819,Q9BX84,5
CHEMBL2431819,Q8NEV4,5
CHEMBL2431819,Q8IWQ3,5
CHEMBL2431819,P51957,5
CHEMBL2431819,O94806,5
CHEMBL11714,Q63563,7.63
CHEMBL11714,Q63563,7.96
CHEMBL435954,Q01959,6.25
CHEMBL435954,P31645,6.69
CHEMBL39890,Q01959,7.64
CHEMBL39890,P31645,6.7
"",Q9UQ88,4.69897000433602
"",P21127,4.69897000433602
CHEMBL576540,Q9H422,6.46852108295774
CHEMBL576540,Q9H2X6,6.49485002168009
CHEMBL576540,Q13131,5
CHEMBL576540,P49840,6.72124639904717
CHEMBL576540,P23458,6.72124639904717
"",P23458,6.82390874094432
"",Q9NY57,6.56863623584101
"",Q8WU08,6.33724216831843
"",Q86UX6,5.61978875828839
CHEMBL18840,"P28223, P28335, P41595",4.7
CHEMBL18840,P28221,8.8
CHEMBL18840,P08909,6.2
CHEMBL18840,P08908,9.5
"","",5
"",Q9BRS2,5
"",Q8WTQ7,5
CHEMBL43125,Q01959,7.04
CHEMBL43125,P31645,6.28
CHEMBL183993,"",5
CHEMBL183993,Q9UPZ9,6.43179827593301
CHEMBL183993,Q9H422,7
CHEMBL183993,Q9H2X6,7
CHEMBL183993,Q9BVS4,6.60205999132796
CHEMBL183993,Q8TDX7,6
CHEMBL183993,Q8TD08,7.31875876262441
CHEMBL183993,Q8TBX8,6.10790539730952
CHEMBL183993,Q8NE63,6.61978875828839
CHEMBL183993,Q86Z02,6.95860731484177
CHEMBL183993,Q6P3R8,6.43179827593301
CHEMBL183993,Q04912,5
CHEMBL183993,P51617,6.45593195564972
CHEMBL183993,P49760,7.85387196432176
CHEMBL183993,P49759,7.22184874961636
CHEMBL183993,P46734,6.30980391997149
CHEMBL183993,P37173,6.30980391997149
CHEMBL183993,P20794,5.08092190762393
CHEMBL183993,O76039,6.85387196432176
CHEMBL183993,O75716,6.67778070526608
"",Q13131,5
CHEMBL195942,"",6.26760624017703
CHEMBL12339,Q63563,7.83
CHEMBL12339,Q63563,8.05
CHEMBL275679,Q63563,7.73
CHEMBL275679,Q63563,8.13
CHEMBL2204529,P42685,7.3767507096021
CHEMBL429004,Q63563,6.5
CHEMBL429004,Q63563,6.94
CHEMBL41222,Q01959,6
CHEMBL41222,P31645,6.17
"",Q9UKI8,5
"",Q15418,5
"",P00519,5
"",Q8IY84,5
"",Q96PY6,5
"",Q8NI60,6.48148606012211
"",Q13163,6.50863830616573
"",Q04771,8.92081875395237
"",P52564,5
"",P37023,8.82390874094432
"",P36897,7.05060999335509
"",P36896,7.13076828026902
"",P36894,7.22184874961636
"",P27037,6.88605664769316
"",P11802,5
"",P06239,7.22184874961636
"",P00519,6.95860731484177
"",O43353,7.25963731050576
"",O00238,9.2518119729938
CHEMBL18772,"Q9JHJ5, P23979",8.69
CHEMBL2312304,Q12866,6.20065945054642
CHEMBL2312304,Q06418,5.61978875828839
CHEMBL2312304,P49674,6.13076828026902
CHEMBL2312304,P00519,6.06550154875643
CHEMBL2312304,O14936,8.33724216831843
CHEMBL316069,"Q9JHJ5, P23979",4.7
CHEMBL316069,"Q9JHJ5, P23979",5.7
CHEMBL316069,Q28838,6
CHEMBL316069,Q28838,6.5
CHEMBL316069,P28564,4.6
CHEMBL316069,P28564,6.7
CHEMBL316069,P28335,6.7
CHEMBL316069,P28335,7.8
CHEMBL316069,P28221,5.4
CHEMBL316069,P18130,5.6
CHEMBL316069,P18130,6
CHEMBL316069,P14842,5.7
CHEMBL316069,P14842,6.2
CHEMBL316069,P08908,6.1
"",Q56UN5,6.92081875395237
"","Q15303, P21860, P04626, P00533",9.01322826573375
"",P23458,6.61978875828839
"",P04626,7.20065945054642
"",O75676,6.60205999132796
"",O43683,7.43179827593301
"",O14976,7.10790539730952
"",Q9Y2K2,5
"",Q92918,5.3767507096021
"",Q6P3R8,6.33724216831843
"",O95382,5
CHEMBL289446,Q01959,5.82
CHEMBL289446,P31645,6.68
"",Q9BRS2,5.72124639904717
"",Q15569,5
"",P42681,5
"",O14730,6.22184874961636
"",Q9UQ88,4.69897000433602
"",P21127,4.69897000433602
"",Q00532,5
CHEMBL1253915,Q9BX84,5
CHEMBL1253915,P51957,5
CHEMBL40429,Q01959,6.95
CHEMBL40429,P31645,5.95
CHEMBL219899,Q9NYY3,8.22914798835786
CHEMBL219899,Q9H4B4,7
CHEMBL219899,Q13163,6.32790214206428
CHEMBL219899,P53350,7.85387196432176
CHEMBL549203,Q9NRP7,7.17392519729917
CHEMBL549203,Q8TBX8,7.22184874961636
CHEMBL549203,Q13163,7.45593195564972
CHEMBL549203,Q08345,7.63827216398241
CHEMBL549203,P36888,7.13076828026902
CHEMBL549203,P10721,6.95860731484177
CHEMBL549203,P09619,7.13076828026902
CHEMBL549203,O94804,6.44369749923271
CHEMBL549203,O60331,5
CHEMBL549203,O43683,7.53760200210104
CHEMBL273637,Q63563,5.77
CHEMBL273637,Q63563,6.65
CHEMBL415886,Q01959,6.37
CHEMBL415886,P31645,7.14
"",Q9UQM7,9.74472749489669
"",Q13554,5
"",Q13546,7.31875876262441
CHEMBL289554,Q01959,6.31
CHEMBL289554,P31645,6.85
"",Q96D53,5
"",Q8N752,5
"",Q86Y07,5
"",P0C1S8,5
"",Q9NRP7,5.79588001734407
CHEMBL1933288,Q9UK32,9.04575749056067
CHEMBL1933288,Q9UEE5,7.4089353929735
CHEMBL1933288,Q9HAZ1,6.55284196865778
CHEMBL1933288,Q9H093,7.85387196432176
CHEMBL1933288,Q15349,6.92081875395237
CHEMBL1933288,Q15139,6.65757731917779
CHEMBL1933288,P50613,6.69897000433602
CHEMBL1933288,O94768,7.30102999566398
"",P52333,6.85387196432176
"",Q8WU08,5.11918640771921
"",O60331,5
CHEMBL41974,Q01959,6.72
CHEMBL41974,Q01959,8
CHEMBL41974,P31645,5.6
CHEMBL41974,P31645,6.12
CHEMBL38773,Q01959,7.8
CHEMBL38773,P31645,5.88
CHEMBL56564,"Q9JHJ5, P23979",9.09
CHEMBL56564,"Q9JHJ5, P23979",9.1
"",P42338,5
CHEMBL41390,Q01959,6.88
CHEMBL41390,P31645,6.13
"",Q9H3Y6,7.38721614328026
"",Q00535,5
"",P54756,5
"","",6.72124639904717
"",Q9Y463,6.11918640771921
"",Q9WTU6,6.42021640338319
"",Q9HAZ1,7.67778070526608
"",Q8TDX7,6.22184874961636
"",Q86Z02,6.39794000867204
"",Q6P3R8,7.79588001734407
"",Q13627,6.74472749489669
"",P51956,7.3767507096021
"",P49761,7.1249387366083
"",P49760,6.69897000433602
"",P49759,7.48148606012211
"",P48736,8.95860731484177
"",P42336,7.0268721464003
"",P04629,5.25963731050576
"",O75747,6.72124639904717
"",O00750,6.72124639904717
"",O00329,6.92081875395237
CHEMBL288823,Q01959,7.51
CHEMBL288823,P31645,6.33
"","",5
"","",7.33724216831843
"","",6.69897000433602
"","",5
"","",6.30102999566398
"","",5
"","",6.35654732351381
"","",5.88605664769316
"","",5
"","",5
"",Q9Y616,5
"",Q9Y616,5
"",Q9Y616,5.1249387366083
"",Q9Y616,5
"",Q9Y5S2,6.2839966563652
"",Q9Y4K4,5
"",Q9Y463,5
"",Q9Y463,5.15490195998574
"",Q9Y2I7,5.92081875395237
"",Q9Y2I7,5
"",Q9Y2I7,6.42021640338319
"",Q9Y2H9,5
"",Q9UQM7,5
"",Q9UQM7,5
"",Q9UQ88,5
"",Q9UPZ9,5
"",Q9UPZ9,5
"",Q9UPZ9,6.65757731917779
"",Q9UPZ9,5
"",Q9UPZ9,5
"",Q9UPE1,5
"",Q9UPE1,5
"",Q9UK32,5
"",Q9UK32,5
"",Q9UK32,5.16749108729376
"",Q9UK32,6.58502665202918
"",Q9UK32,6.13667713987954
"",Q9UK32,6.17392519729917
"",Q9UK32,6.17392519729917
"",Q9UK32,7.55284196865778
"",Q9UK32,5.56863623584101
"",Q9UK32,6.50863830616573
"",Q9UK32,5.42021640338319
"",Q9UF33,5
"",Q9UEE5,7.05060999335509
"",Q9UEE5,7.53760200210104
"",Q9UEE5,5
"",Q9UEE5,7.05551732784983
"",Q9UEE5,7.95860731484177
"",Q9UEE5,6.88605664769316
"",Q9UEE5,5
"",Q9UEE5,6.65757731917779
"",Q9UEE5,6.95860731484177
"",Q9UEE5,6.34678748622466
"",Q9UEE5,7.05060999335509
"",Q9UBE8,6.85387196432176
"",Q9UBE8,6.88605664769316
"",Q9UBE8,6.63827216398241
"",Q9P2K8,5
"",Q9P289,5
"",Q9NYL2,5
"",Q9NYL2,5
"",Q9NYL2,6.65757731917779
"",Q9NYL2,5
"",Q9NY57,6.65757731917779
"",Q9NY57,6.79588001734407
"",Q9NY57,5
"",Q9NRP7,7.2518119729938
"",Q9NRP7,7.0087739243075
"",Q9NRP7,5
"",Q9NRM7,5
"",Q9NRH2,5
"",Q9NRH2,5.06048074738138
"",Q9NRH2,5
"",Q9HBY8,5
"",Q9HAZ1,6.88605664769316
"",Q9HAZ1,5
"",Q9HAZ1,6.85387196432176
"",Q9H422,6.53760200210104
"",Q9H422,6.46852108295774
"",Q9H3Y6,6.45593195564972
"",Q9H3Y6,5
"",Q9H2X6,6.38721614328026
"",Q9H2X6,6.85387196432176
"",Q9H0K1,5
"",Q9H093,6.32790214206428
"",Q9C098,6.24412514432751
"",Q9BZL6,6.36653154442041
"",Q9BZL6,6.30102999566398
"",Q9BYT3,5.4089353929735
"",Q9BYT3,5
"",Q9BYT3,5
"",Q9BXA7,5
"",Q9BXA7,5
"",Q9BWU1,5.95860731484177
"",Q9BWU1,5.69897000433602
"",Q9BWU1,5
"",Q9BWU1,6.38721614328026
"",Q9BQI3,5
"",Q9BQI3,5
"",Q9BQI3,5
"",Q99755,6.35654732351381
"",Q96PN8,5
"",Q96PN8,5
"",Q96NX5,5
"",Q96NX5,5
"",Q96NX5,5
"",Q96J92,5
"",Q96J92,5
"",Q96J92,5
"",Q96J92,5
"",Q96J92,5
"",Q96D53,6.29242982390206
"",Q8WU08,5
"",Q8WU08,5
"",Q8WU08,5
"",Q8WTQ7,5
"",Q8TDX7,5
"",Q8TDR2,5.44369749923271
"",Q8TDC3,5
"",Q8TDC3,5
"",Q8TDC3,6.36653154442041
"",Q8TDC3,5
"",Q8TDC3,6.63827216398241
"",Q8TDC3,5
"",Q8TD19,5
"",Q8TD08,6.17392519729917
"",Q8TD08,5
"",Q8TD08,6.06048074738138
"",Q8TD08,7.31875876262441
"",Q8TD08,6.88605664769316
"",Q8TBX8,7.03151705144607
"",Q8NI60,5
"",Q8NI60,6.65757731917779
"",Q8NEV4,5
"",Q8N568,5
"",Q8N4C8,5
"",Q8N4C8,7.21467016498923
"",Q8N4C8,6.10237290870956
"",Q8N4C8,5.76955107862173
"",Q8IYT8,5
"",Q8IYT8,5
"",Q8IYT8,5
"",Q8IY84,5
"",Q8IY84,5
"",Q8IY84,5
"",Q8IWQ3,5
"",Q8IWQ3,6.48148606012211
"",Q8IWQ3,6.85387196432176
"",Q8IWQ3,5
"",Q8IWQ3,5
"",Q8IWQ3,5
"",Q8IWQ3,5
"",Q8IWQ3,5
"",Q8IVW4,5
"",Q8IVW4,5
"",Q86Z02,6.67778070526608
"",Q86Y07,5
"",Q86Y07,5
"",Q86Y07,5
"",Q86V86,5
"",Q86UX6,5
"",Q86UX6,5
"",Q86UE8,5.61978875828839
"",Q6ZWH5,6.36653154442041
"",Q6P3R8,5
"",Q6P3R8,6.43179827593301
"",Q6P3R8,5.63827216398241
"",Q6P3R8,6.13667713987954
"",Q6DT37,5
"",Q6DT37,6.29242982390206
"",Q6DT37,5
"",Q6DT37,5
"",Q6DT37,6
"",Q6DT37,5
"",Q6DT37,5.92081875395237
"",Q5S007,5
"",Q56UN5,6.52287874528034
"",Q56UN5,7.65757731917779
"",Q56UN5,7.14874165128092
"",Q56UN5,7.21467016498923
"",Q56UN5,6.88605664769316
"",Q56UN5,6.67778070526608
"",Q56UN5,5.85387196432176
"",Q56UN5,6.19382002601611
"",Q56UN5,6.69897000433602
"",Q56UN5,6.92081875395237
"",Q56UN5,6.32790214206428
"",Q56UN5,5.11350927482752
"",Q56UN5,5.61978875828839
"",Q56UN5,5.82390874094432
"",Q56UN5,5.46852108295774
"",Q56UN5,6.69897000433602
"",Q56UN5,6.56863623584101
"",Q52WX2,5
"",Q32MK0,5
"",Q32MK0,6.53760200210104
"",Q32MK0,5
"",Q32MK0,5
"",Q32MK0,5.88605664769316
"",Q32MK0,6.74472749489669
"",Q16659,5
"",Q15759,7
"",Q15569,5
"",Q15569,5
"",Q15418,5
"",Q15418,5
"",Q15418,5
"",Q15418,5
"",Q15418,6.35654732351381
"",Q15349,5
"",Q15349,5
"",Q15139,8.21467016498923
"",Q15139,7
"",Q15139,7.29242982390206
"",Q15139,6.39794000867204
"",Q15139,6.63827216398241
"",Q15139,7.21467016498923
"",Q15139,5
"",Q15139,8.01322826573375
"",Q15139,7.79588001734407
"",Q15139,8.14266750356873
"",Q14164,5
"",Q14164,5
"",Q13705,6.61978875828839
"",Q13705,6.95860731484177
"",Q13554,5
"",Q13554,5
"",Q13546,6.55284196865778
"",Q12851,7.36653154442041
"",Q07002,5
"",Q00537,6.61978875828839
"",Q00537,5
"",Q00532,5
"",Q00532,5
"",Q00532,5
"",Q00532,5
"",Q00532,5
"",Q00532,5
"",Q00532,5
"",P57078,5
"",P57078,5
"",P57078,5
"",P57058,5
"",P57058,5
"",P54646,5
"",P52333,6.31875876262441
"",P52333,5
"",P52333,6.92081875395237
"",P51817,7.18708664335714
"",P51817,5.13076828026902
"",P51817,5
"",P51817,6.88605664769316
"",P51817,6.45593195564972
"",P51817,6.33724216831843
"",P51812,5
"",P51812,5
"",P51812,5
"",P51812,5
"",P51812,6.10237290870956
"",P51812,5
"",P51451,6.63827216398241
"",P51451,7.20065945054642
"",P51451,5.58502665202918
"",P49840,6.58502665202918
"",P49840,6.60205999132796
"",P49840,7.21467016498923
"",P49840,7.20760831050175
"",P49840,6.53760200210104
"",P49840,6.52287874528034
"",P49840,5
"",P49840,6.38721614328026
"",P49840,6.35654732351381
"",P49840,6.23657200643706
"",P49840,6.88605664769316
"",P49840,6.4089353929735
"",P49840,7.04095860767891
"",P42685,6.72124639904717
"",P42681,5
"",P42681,5
"",P42681,5
"",P42338,8.76955107862173
"",P42338,7.11350927482752
"",P42338,8.76955107862173
"",P42338,9.17392519729917
"",P42338,6.85387196432176
"",P42338,5
"",P42338,5
"",P42338,7.82390874094432
"",P42338,6.06550154875643
"",P42338,8.45593195564972
"",P42338,9.10237290870956
"",P42338,6.16749108729376
"",P42338,7.63827216398241
"",P42338,7.79588001734407
"",P42338,6.74472749489669
"",P42338,7.25963731050576
"",P42338,7.95860731484177
"",P42338,7.56863623584101
"",P42338,8.74472749489669
"",P42338,8.61978875828839
"",P42338,9.31875876262441
"",P42338,9.09691001300806
"",P42338,8.53760200210104
"",P42338,6.79588001734407
"",P42338,8.82390874094432
"",P42338,9.58502665202918
"",P36897,6.16749108729376
"",P36897,5
"",P36897,5.46852108295774
"",P36897,5
"",P36896,7.50863830616573
"",P36896,6.82390874094432
"",P36896,5.79588001734407
"",P36896,7.4089353929735
"",P36896,6.74472749489669
"",P36896,8.48148606012211
"",P36888,5
"",P35626,5
"",P35626,5
"",P35626,5
"",P35626,5
"",P35626,5
"",P35626,5
"",P35626,5
"",P35590,5
"",P31152,5
"",P31152,5
"",P31152,5
"",P31152,5
"",P29597,5
"",P29597,5
"",P29597,5.69897000433602
"",P29597,5.82390874094432
"",P29597,6.23657200643706
"",P29597,5
"",P29597,6.27572413039921
"",P29597,7.06550154875643
"",P29597,5.79588001734407
"",P29597,5
"",P29597,6.02227639471115
"",P29597,7.01772876696043
"",P29376,5.06048074738138
"",P29376,5
"",P29376,5
"",P29376,5
"",P29376,5
"",P27037,5
"",P27037,5
"",P25098,5
"",P23458,6.38721614328026
"",P23458,6.58502665202918
"",P23458,6.42021640338319
"",P23458,5
"",P23458,5
"",P23458,6.60205999132796
"",P23458,5.92081875395237
"",P23458,5
"",P22694,5
"",P21860,7.16115090926274
"",P21860,6.58502665202918
"",P21709,6.24412514432751
"",P21127,5
"",P21127,5
"",P21127,5
"",P21127,5
"",P20794,5
"",P20794,5
"",P20794,5
"",P20794,5
"",P20794,5
"",P17612,5
"",P17612,5
"",P17612,5
"",P17612,5
"",P17612,6.58502665202918
"",P16234,5
"",P14616,5
"",P11802,7.63827216398241
"",P11802,8.00436480540245
"",P11802,5
"",P11802,5.3767507096021
"",P11802,5
"",P11802,5
"",P11802,5
"",P11802,5
"",P08631,5
"",P00519,5
"",P00519,7
"",P00519,5
"",P00519,5
"",O95835,5
"",O95835,5
"",O95747,5
"",O95382,5
"",O94921,5
"",O94921,5
"",O94806,7.74472749489669
"",O94806,6.67778070526608
"",O94806,6.30980391997149
"",O94806,6.08618614761628
"",O94806,5
"",O94806,6.4089353929735
"",O94806,5
"",O94806,6.74472749489669
"",O94806,5
"",O94806,5
"",O94806,5
"",O94806,5
"",O94806,5
"",O94806,7.72124639904717
"",O94806,7.31875876262441
"",O94806,7.88605664769316
"",O76039,5
"",O76039,5.95860731484177
"",O75914,5
"",O75914,5
"",O75914,5
"",O75914,5
"",O75914,5
"",O75747,9.03621217265444
"",O75747,9.33724216831843
"",O75747,5
"",O75676,5
"",O75676,5
"",O75582,5
"",O75582,5
"",O60674,5
"",O60674,5
"",O60674,7.32790214206428
"",O60674,5
"",O60674,5.74472749489669
"",O60674,5
"",O60674,7.42021640338319
"",O60674,6.39794000867204
"",O60674,5
"",O60674,5.82390874094432
"",O60674,5
"",O60674,6.45593195564972
"",O60674,5
"",O60674,6.44369749923271
"",O60674,5
"",O60331,5.15490195998574
"",O60331,5
"",O60331,5.11350927482752
"",O60331,6.21467016498923
"",O60285,5
"",O60285,5
"",O43683,5.48148606012211
"",O43683,6.4089353929735
"",O43683,6.32790214206428
"",O43683,6.05060999335509
"",O43683,6.88605664769316
"",O43283,5
"",O43283,5
"",O43283,5
"",O15197,6.30102999566398
"",O15197,6.95860731484177
"",O15197,5.95860731484177
"",O15197,6.46852108295774
"",O15197,7.08618614761628
"",O15197,7.23657200643706
"",O15197,5
"",O15197,5.07058107428571
"",O15197,7.61978875828839
"",O15197,6.74472749489669
"",O15197,6.79588001734407
"",O15197,7.30980391997149
"",O15146,5
"",O14730,6.24412514432751
"",O14730,6.35654732351381
"",O14730,6.30980391997149
"",O14730,5
"",O14730,6.17392519729917
"",O14730,5.01772876696043
"",O14730,6.26760624017703
"",O14730,6.82390874094432
"",O14578,6.26760624017703
"",O14578,6.30102999566398
"",O14578,6.82390874094432
"",O14578,6.88605664769316
"",O14578,5.60205999132796
"",O14578,6.50863830616573
"",O14578,5.06550154875643
"",O14578,6.11918640771921
"",O14578,6.55284196865778
"",O14578,6.38721614328026
"",O14578,6.35654732351381
"",O14578,6.69897000433602
"",O14578,6.42021640338319
"",O14578,6.36653154442041
"",O14578,6.24412514432751
"",O14578,6.50863830616573
"",O00750,8.88605664769316
"",O00750,8.56863623584101
"",O00750,5
"",O00750,5
"",O00750,6.88605664769316
"",O00750,5
"",O00750,5
"",O00750,5.08092190762393
"",O00750,6.44369749923271
